{
  "best_score": 0.974098124098124,
  "best_params": {
    "subsample": 0.7,
    "reg_lambda": 1.5,
    "reg_alpha": 0.01,
    "n_estimators": 300,
    "min_child_weight": 4,
    "max_depth": 3,
    "learning_rate": 0.05,
    "gamma": 0.3,
    "colsample_bytree": 0.8
  },
  "n_iterations": 20,
  "cv_folds": 5,
  "cv_results": {
    "mean_test_score": [
      0.9686112126009825,
      0.9542599770221253,
      0.9450369193780151,
      0.9671029623970799,
      0.9681008846226238,
      0.9397044349985526,
      0.9547797300738476,
      0.9455830973989542,
      0.9525321396421139,
      0.9670019522960699,
      0.974098124098124,
      0.9671029623970799,
      0.9541971413071156,
      0.9610047128205697,
      0.9670019522960699,
      0.9673413713311412,
      0.9681008846226238,
      0.9610047128205697,
      0.9466534772417123,
      0.9671029623970799
    ],
    "std_test_score": [
      0.03332689921120534,
      0.04875992130586006,
      0.04301382973692937,
      0.028980109188662923,
      0.03972222280904043,
      0.05284880356587713,
      0.04615435411736621,
      0.04610442580903881,
      0.04032364894272143,
      0.029077230321571695,
      0.03180677646331125,
      0.028980109188662923,
      0.03826326009669798,
      0.03642189445601789,
      0.029077230321571695,
      0.0333846380500171,
      0.03972222280904043,
      0.03642189445601789,
      0.04873475936050853,
      0.028980109188662923
    ],
    "params": [
      "{'subsample': 0.6, 'reg_lambda': 1.5, 'reg_alpha': 1.0, 'n_estimators': 150, 'min_child_weight': 1, 'max_depth': 5, 'learning_rate': 0.15, 'gamma': 0.3, 'colsample_bytree': 1.0}",
      "{'subsample': 1.0, 'reg_lambda': 1.0, 'reg_alpha': 0.5, 'n_estimators': 150, 'min_child_weight': 2, 'max_depth': 8, 'learning_rate': 0.15, 'gamma': 0.3, 'colsample_bytree': 1.0}",
      "{'subsample': 0.9, 'reg_lambda': 2.0, 'reg_alpha': 1.0, 'n_estimators': 100, 'min_child_weight': 4, 'max_depth': 4, 'learning_rate': 0.01, 'gamma': 0.3, 'colsample_bytree': 0.9}",
      "{'subsample': 0.9, 'reg_lambda': 2.0, 'reg_alpha': 0, 'n_estimators': 150, 'min_child_weight': 2, 'max_depth': 8, 'learning_rate': 0.01, 'gamma': 0.1, 'colsample_bytree': 0.6}",
      "{'subsample': 0.6, 'reg_lambda': 1.0, 'reg_alpha': 0.1, 'n_estimators': 150, 'min_child_weight': 2, 'max_depth': 3, 'learning_rate': 0.2, 'gamma': 0.2, 'colsample_bytree': 0.7}",
      "{'subsample': 1.0, 'reg_lambda': 1.5, 'reg_alpha': 1.0, 'n_estimators': 50, 'min_child_weight': 1, 'max_depth': 4, 'learning_rate': 0.2, 'gamma': 0.3, 'colsample_bytree': 1.0}",
      "{'subsample': 0.7, 'reg_lambda': 1.0, 'reg_alpha': 0, 'n_estimators': 50, 'min_child_weight': 3, 'max_depth': 7, 'learning_rate': 0.15, 'gamma': 0.1, 'colsample_bytree': 0.9}",
      "{'subsample': 1.0, 'reg_lambda': 2.5, 'reg_alpha': 0, 'n_estimators': 100, 'min_child_weight': 1, 'max_depth': 8, 'learning_rate': 0.05, 'gamma': 0.1, 'colsample_bytree': 1.0}",
      "{'subsample': 1.0, 'reg_lambda': 2.5, 'reg_alpha': 0.1, 'n_estimators': 200, 'min_child_weight': 3, 'max_depth': 6, 'learning_rate': 0.01, 'gamma': 0.2, 'colsample_bytree': 0.8}",
      "{'subsample': 0.6, 'reg_lambda': 1.0, 'reg_alpha': 1.0, 'n_estimators': 200, 'min_child_weight': 1, 'max_depth': 4, 'learning_rate': 0.05, 'gamma': 0.4, 'colsample_bytree': 1.0}",
      "{'subsample': 0.7, 'reg_lambda': 1.5, 'reg_alpha': 0.01, 'n_estimators': 300, 'min_child_weight': 4, 'max_depth': 3, 'learning_rate': 0.05, 'gamma': 0.3, 'colsample_bytree': 0.8}",
      "{'subsample': 0.8, 'reg_lambda': 2.0, 'reg_alpha': 0.01, 'n_estimators': 50, 'min_child_weight': 1, 'max_depth': 8, 'learning_rate': 0.2, 'gamma': 0.2, 'colsample_bytree': 0.6}",
      "{'subsample': 0.8, 'reg_lambda': 2.0, 'reg_alpha': 1.0, 'n_estimators': 50, 'min_child_weight': 2, 'max_depth': 3, 'learning_rate': 0.2, 'gamma': 0.2, 'colsample_bytree': 1.0}",
      "{'subsample': 0.6, 'reg_lambda': 2.0, 'reg_alpha': 1.0, 'n_estimators': 300, 'min_child_weight': 2, 'max_depth': 6, 'learning_rate': 0.1, 'gamma': 0.3, 'colsample_bytree': 0.6}",
      "{'subsample': 0.7, 'reg_lambda': 0.5, 'reg_alpha': 0.5, 'n_estimators': 150, 'min_child_weight': 5, 'max_depth': 8, 'learning_rate': 0.05, 'gamma': 0.3, 'colsample_bytree': 0.7}",
      "{'subsample': 0.6, 'reg_lambda': 1.0, 'reg_alpha': 0.5, 'n_estimators': 200, 'min_child_weight': 3, 'max_depth': 3, 'learning_rate': 0.15, 'gamma': 0.4, 'colsample_bytree': 0.8}",
      "{'subsample': 0.7, 'reg_lambda': 2.0, 'reg_alpha': 0, 'n_estimators': 50, 'min_child_weight': 3, 'max_depth': 4, 'learning_rate': 0.2, 'gamma': 0.3, 'colsample_bytree': 0.9}",
      "{'subsample': 1.0, 'reg_lambda': 2.0, 'reg_alpha': 0.1, 'n_estimators': 100, 'min_child_weight': 4, 'max_depth': 5, 'learning_rate': 0.1, 'gamma': 0.3, 'colsample_bytree': 0.6}",
      "{'subsample': 0.9, 'reg_lambda': 2.5, 'reg_alpha': 0.1, 'n_estimators': 300, 'min_child_weight': 1, 'max_depth': 5, 'learning_rate': 0.1, 'gamma': 0.4, 'colsample_bytree': 0.9}",
      "{'subsample': 0.9, 'reg_lambda': 2.0, 'reg_alpha': 1.0, 'n_estimators': 200, 'min_child_weight': 2, 'max_depth': 4, 'learning_rate': 0.1, 'gamma': 0.3, 'colsample_bytree': 0.7}"
    ]
  }
}